passage_id,title,anchor_lexile,review_status,target_band,cefr_level,genre,topic,word_count,item_count,diagnostic_ready,validation_flags
vq_fa96e474ba6a,Reading Quest [Literature]: PET全_Page_29_03261514,850,reviewed_candidate,800L-950L,B1,literature,PET_part_3,192,6,False,structural_candidate_must_include_exactly_5_items;diagnostic_item_count_not_5;diagnostic_skill_coverage_incomplete
vq_c0b19ac29420,Reading Quest [Literature]: PET全_Page_64_03261514,850,reviewed_candidate,800L-950L,B1,literature,PET_part_4,193,5,False,diagnostic_skill_coverage_incomplete
vq_a607a0199010,Reading Quest [Literature]: PET全_Page_31_03261514,850,reviewed_candidate,800L-950L,B1,literature,story,205,6,False,structural_candidate_must_include_exactly_5_items;diagnostic_item_count_not_5;diagnostic_skill_coverage_incomplete
vq_6abd4e0b2ec5,Reading Quest [Literature]: PET全_Page_47_03261514,850,reviewed_candidate,800L-950L,B1,literature,PET_part_4,200,5,False,diagnostic_skill_coverage_incomplete
vq_ff1f55b292d9,Reading Quest [Literature]: PET全_Page_9_03261327,850,reviewed_candidate,800L-950L,B1,literature,PET_part_3,191,5,False,diagnostic_skill_coverage_incomplete
vq_cf05af6ab246,Reading Quest [Literature]: PET全_Page_45_03261514,850,reviewed_candidate,800L-950L,B1,literature,PET_part_3,183,5,False,diagnostic_skill_coverage_incomplete
vq_792afa73f104,Reading Quest [Literature]: PET全_Page_61_03261514,850,reviewed_candidate,800L-950L,B1,literature,PET_part_3,178,5,False,diagnostic_skill_coverage_incomplete
vq_f699f3a0c4ce,Reading Quest [Literature]: PET全_Page_48_03261514,850,reviewed_candidate,800L-950L,B1,literature,PET_part_4,186,5,False,diagnostic_skill_coverage_incomplete
vq_b385b66a703e,Reading Quest [Vocabulary]: PET全_Page_33_03261514,850,reviewed_candidate,800L-950L,B1,vocabulary,PET_part_4,199,5,False,diagnostic_skill_coverage_incomplete
vq_a6395706c720,Reading Quest [Vocabulary]: PET全_Page_29_03261514,850,reviewed_candidate,800L-950L,B1,vocabulary,PET_part_4,163,5,False,diagnostic_skill_coverage_incomplete
vq_4695fd9f1b42,Reading Quest [Vocabulary]: PET全_Page_56_03261514,850,reviewed_candidate,800L-950L,B1,vocabulary,PET_part_4,197,5,False,item_5_skill_mapped_from_conclusion;diagnostic_skill_coverage_incomplete
vq_5f20d02399b3,Reading Quest [Vocabulary]: PET全_Page_43_03261514,850,reviewed_candidate,800L-950L,B1,vocabulary,PET_part_4,183,5,True,
vq_89dda07ee4d1,Reading Quest [Vocabulary]: PET全_Page_15_03261327,850,reviewed_candidate,800L-950L,B1,vocabulary,PET_part_3,198,5,False,diagnostic_skill_coverage_incomplete
vq_6c9459a3d134,Reading Quest [Vocabulary]: PET全_Page_4_03261327,850,reviewed_candidate,800L-950L,B1,vocabulary,PET_part_3,188,5,False,diagnostic_skill_coverage_incomplete
vq_147afb5ee1cc,Reading Quest [Vocabulary]: PET全_Page_46_03261514,850,reviewed_candidate,800L-950L,B1,vocabulary,PET_part_3,196,5,False,diagnostic_skill_coverage_incomplete
vq_e4fbf8f73195,Reading Quest [Vocabulary]: PET全_Page_41_03261514,850,reviewed_candidate,800L-950L,B1,vocabulary,PET_part_4,206,5,False,diagnostic_skill_coverage_incomplete
vq_bc0ffea8e6d4,Reading Quest [Vocabulary]: PET全_Page_64_03261514,850,reviewed_candidate,800L-950L,B1,vocabulary,PET_part_3,188,5,False,diagnostic_skill_coverage_incomplete
vq_f7dd8057bc29,Reading Quest [Vocabulary]: PET全_Page_10_03261327,850,reviewed_candidate,800L-950L,B1,vocabulary,PET_part_4,175,5,False,diagnostic_skill_coverage_incomplete
vq_ffb99afadf12,Reading Quest [Informational]: PET全_Page_33_03261514,850,reviewed_candidate,800L-950L,B1,informational,informational,186,5,False,diagnostic_skill_coverage_incomplete
vq_2d4164608bdd,Reading Quest [Informational]: PET全_Page_29_03261514,850,reviewed_candidate,800L-950L,B1,informational,informational,192,5,False,diagnostic_skill_coverage_incomplete
vq_8ff049df92d2,Reading Quest [Informational]: PET全_Page_56_03261514,850,reviewed_candidate,800L-950L,B1,informational,informational,184,5,False,diagnostic_skill_coverage_incomplete
vq_9ecdb1e43fdb,Reading Quest [Informational]: PET全_Page_43_03261514,850,reviewed_candidate,800L-950L,B1,informational,informational,174,5,False,diagnostic_skill_coverage_incomplete
vq_2225110bc641,Reading Quest [Informational]: PET全_Page_15_03261327,850,reviewed_candidate,800L-950L,B1,informational,informational,190,5,False,diagnostic_skill_coverage_incomplete
vq_9c150f07353f,Reading Quest [Informational]: PET全_Page_4_03261327,850,reviewed_candidate,800L-950L,B1,informational,informational,188,5,False,diagnostic_skill_coverage_incomplete
vq_f649b491b3dd,Reading Quest [Informational]: PET全_Page_46_03261514,850,reviewed_candidate,800L-950L,B1,informational,informational,192,5,False,diagnostic_skill_coverage_incomplete
vq_b1dc26548d6a,Reading Quest [Informational]: PET全_Page_41_03261514,850,reviewed_candidate,800L-950L,B1,informational,informational,174,5,False,diagnostic_skill_coverage_incomplete
vq_6b6c169845df,Reading Quest [Informational]: PET全_Page_64_03261514,850,reviewed_candidate,800L-950L,B1,informational,informational,185,5,False,diagnostic_skill_coverage_incomplete
vq_c03b38c968ff,Reading Quest [Informational]: PET全_Page_10_03261327,850,reviewed_candidate,800L-950L,B1,informational,informational,215,5,False,diagnostic_skill_coverage_incomplete
vq_ba84f6e272be,Reading Quest [Literature]: PET全_Page_10_03261327,850,reviewed_candidate,800L-950L,B1,literature,PET_part_3,205,5,False,diagnostic_skill_coverage_incomplete
vq_80edd91156b6,Reading Quest [Literature]: PET全_Page_34_03261514,850,reviewed_candidate,800L-950L,B1,literature,literature,168,5,False,item_1_skill_inferred;item_2_skill_inferred;item_3_skill_inferred;item_4_skill_inferred;item_5_skill_inferred;diagnostic_skill_coverage_incomplete
vq_a2bfec6a3b99,Reading Quest [Literature]: PET全_Page_55_03261514,850,reviewed_candidate,800L-950L,B1,literature,literature,188,5,False,item_1_skill_inferred;item_2_skill_inferred;item_3_skill_inferred;item_4_skill_inferred;item_5_skill_inferred;diagnostic_skill_coverage_incomplete
vq_2b7408126798,Reading Quest [Literature]: PET全_Page_24_03261514,850,reviewed_candidate,800L-950L,B1,literature,literature,177,5,False,item_1_skill_inferred;item_2_skill_inferred;item_3_skill_inferred;item_4_skill_inferred;item_5_skill_inferred;diagnostic_skill_coverage_incomplete
vq_52b839573d65,Reading Quest [Literature]: PET全_Page_35_03261514,850,reviewed_candidate,800L-950L,B1,literature,literature,195,5,False,item_1_skill_inferred;item_2_skill_inferred;item_3_skill_inferred;item_4_skill_inferred;item_5_skill_inferred;diagnostic_skill_coverage_incomplete
vq_a5ed8118a783,Reading Quest [Literature]: PET全_Page_5_03261327,850,reviewed_candidate,800L-950L,B1,literature,literature,194,5,False,item_1_skill_inferred;item_2_skill_inferred;item_3_skill_inferred;item_4_skill_inferred;item_5_skill_inferred;diagnostic_skill_coverage_incomplete
vq_253ea7923758,Reading Quest [Literature]: PET全_Page_57_03261514,850,reviewed_candidate,800L-950L,B1,literature,PET_part_4,186,5,True,
vq_a7a1b8388c82,Reading Quest [Literature]: PET全_Page_54_03261514,850,reviewed_candidate,800L-950L,B1,literature,literature,187,5,False,item_1_skill_inferred;item_2_skill_inferred;item_3_skill_inferred;item_4_skill_inferred;item_5_skill_inferred;diagnostic_skill_coverage_incomplete
vq_e97e3673f67e,Reading Quest [Literature]: PET全_Page_66_03261514,850,reviewed_candidate,800L-950L,B1,literature,literature,161,4,False,item_1_skill_inferred;item_2_skill_inferred;item_3_skill_inferred;item_4_skill_inferred;structural_candidate_must_include_exactly_5_items;diagnostic_item_count_not_5;diagnostic_skill_coverage_incomplete
vq_4a115036d84b,Reading Quest [Literature]: PET全_Page_63_03261514,850,reviewed_candidate,800L-950L,B1,literature,literature,199,5,False,item_1_skill_inferred;item_2_skill_inferred;item_3_skill_inferred;item_4_skill_inferred;item_5_skill_inferred;diagnostic_skill_coverage_incomplete
vq_3fcd767f3e99,Reading Quest [Literature]: PET全_Page_59_03261514,850,reviewed_candidate,800L-950L,B1,literature,PET_part_4,177,5,True,
